sample_id,context,label_value,label_name,resp_0,resp_1,resp_2,resp_3,resp_4,metric_abs_hds_mean,metric_abs_hds_std,metric_AveragedCosineSimilarity,metric_AveragedDistinctNgrams,metric_BertScore,metric_SD,metric_SD_norm,metric_SSD,metric_SSD_norm,metric_SentBert,metric_TSD,metric_TSD_norm
test.context.txt::01244,You seem to have a soft spot for grass types,0.0,content_diversity,what does it mean?,be clearer please,ok i misunderstood you,clarify please,yeah but what is it,2.222,0.629,-0.017,0.967,-0.029,3.243,0.649,4.659,0.932,-0.455,13.266,0.698
test.context.txt::01246,How about getting some new mods to help out,0.0,content_diversity,They are overpriced,I can't afford them,It's out of my price range,They cost too much,Their price is too high,1.500,0.577,-0.014,0.973,-0.332,1.983,0.397,4.534,0.907,-0.560,13.686,0.526
test.context.txt::01251,Your username is opposite relevant because your comment gets an f minus,0.0,content_diversity,your words mean nothing to me,what you said have not relevance on me,you do not mean a thing to me,what you think has no value for me,I don't care,2.500,0.624,-0.041,0.931,-0.307,1.879,0.376,4.985,0.997,-0.649,22.910,0.655
test.context.txt::01252,This is not an issue when you're 18,1.0,content_diversity,"yes, once your an adult",this is true,"Once your old enough, it doens't matter",I feel it is the same.,"once adulthood comes, it is easier.",3.000,0.667,-0.033,0.946,-0.141,3.896,0.779,4.718,0.944,-0.384,18.500,0.544
test.context.txt::01259,It's hard not to love this song also your flair is great,1.0,content_diversity,Thank you,I agree with you,This song is perfect,I don't like this song,What is flair?,3.889,0.737,-0.022,0.956,-0.093,2.456,0.491,4.971,0.994,-0.254,12.078,0.575
test.context.txt::01265,Sorry you had to take the heat bro,0.0,content_diversity,if it wasn't me who else,this was known,I knew is was me,I had to do it,this is something one has to take,3.000,0.816,-0.028,0.946,-0.124,2.847,0.569,4.555,0.911,-0.477,16.120,0.576
test.context.txt::01266,Sadly I don't have an answer  I don't scream,1.0,content_diversity,why don't you?,One would need to scream to know,Oh i see what you mean,you would need to scream to answer that,I agree that you need to yell to do it,3.444,0.831,-0.085,0.836,-0.035,2.011,0.402,4.840,0.968,-0.377,22.545,0.609
test.context.txt::01277,Or when only one of the double doors is unlocked,1.0,content_diversity,then what happens?,open it,lock it,what does this mean,cool story,4.050,0.650,-0.016,0.769,-0.304,2.678,0.536,4.803,0.961,-0.297,11.683,0.834
test.context.txt::01278,Tv on the radio is one of my favorite bands,0.0,content_diversity,they are not bad,they are decent,I don't think they are that great nor that bad,they are acceptable,I think I can tolerate their music,2.667,0.972,-0.104,0.891,-0.310,1.790,0.358,4.853,0.971,-0.540,15.077,0.520
test.context.txt::01288,Sweet any idea on how to figure out the third one,0.0,content_diversity,I have no idea,I've got no clue,Sorry but I don't know,I don't understand it either,"Unfortunately, no",2.000,0.782,-0.041,0.937,-0.154,3.336,0.667,4.868,0.974,-0.644,12.682,0.470
test.context.txt::01291,You need to get a new hard drive,1.0,content_diversity,why do I need to,is the old one broken,that sucks,I was going to get one anyone,I don't need to do anything,3.333,0.577,-0.035,0.934,-0.146,2.888,0.578,4.599,0.920,-0.163,15.595,0.578
test.context.txt::01295,Whoa I did't know you could use megusta as a verb,0.0,content_diversity,how were you not aware of this,Why didn't you know that,Are you dumb?,What else do you not know?,This is common knowledge for anyone with a brain.,2.850,0.550,-0.031,0.965,-0.150,2.553,0.511,4.668,0.934,-0.388,22.093,0.631
test.context.txt::01307,You mean where rocky got his spelling style from,1.0,content_diversity,"Yes, from there.",I think so.,Is that how it happened?,"Yes, I believe that is where rocky got it.","Yes, rocky's style is from there.",3.000,0.775,-0.040,0.929,-0.210,2.432,0.486,4.291,0.858,-0.421,22.896,0.636
test.context.txt::01309,Ill have a skinny vanilla sea foam please,0.0,content_diversity,what is that!!?,sounds gross what ever it is,what does that mean,ok but what is it?,what on earth,2.167,0.667,-0.071,0.930,-0.034,3.182,0.530,4.867,0.973,-0.526,15.001,0.600
test.context.txt::01319,What happened with old man any updates on that end,1.0,content_diversity,not yet,I have not heard back from him,"yes, he said it was fine",he gives the go ahead,he is playing silent,3.778,0.786,-0.018,0.975,-0.039,3.029,0.606,4.774,0.955,-0.259,16.526,0.661
test.context.txt::01325,In other news the majority of russians do not think this,0.0,content_diversity,seems strange,very odd,so weird,that does seem that way,its pretty strange,2.056,0.984,-0.008,0.971,-0.467,2.153,0.431,4.000,0.800,-0.680,11.340,0.810
test.context.txt::01330,Would eating a date make you feel better about having no dates,1.0,content_diversity,it probably would,having the choice is better then no choice,I don't think so,I don't want to go without,I don't like to not have the option,3.389,0.809,-0.039,0.935,-0.070,2.346,0.469,4.972,0.994,-0.372,19.525,0.558
test.context.txt::01334,What kind of fish is the big bang,0.0,content_diversity,I have no clue,I don't know what kind of fish that is,I don't know anything about it,no idea,I got nothing in my mind,1.667,0.471,-0.043,0.926,-0.188,2.037,0.407,4.635,0.927,-0.691,17.129,0.553
test.context.txt::01338,Thank you for all the hard work you guys do,0.0,content_diversity,I think they're slacking,I don't think they're putting in much effort,I disagree with that,I don't believe they work hard,I think they're not working hard at all,2.250,0.783,-0.086,0.891,-0.354,2.071,0.414,4.787,0.957,-0.541,22.147,0.554
test.context.txt::01339,Be awake I'm never tired if it's dark out,1.0,content_diversity,Not me...I get sleepy when it's dark.,"Me too, I can sleep better during the day.",I work the night shift so I'm much better at night.,You're lucky because I get really tired.,I'd much rather be awake at night than during the day...too boring.,3.722,0.671,-0.029,0.942,-0.272,2.448,0.490,4.990,0.998,-0.504,42.629,0.627
test.ca-cb.ca::00240,Yeah I thought about not putting the door on it hangs weird,0.0,content_diversity,"Agreed, maybe try another door","It looks weird, try a different sized door",Yes hangs weird I agree with you,"It does hang weird, maybe a smaller door would be better",Try it without the door because it does look weird,2.333,0.667,-0.031,0.946,-0.213,2.896,0.579,4.894,0.979,-0.462,27.039,0.615
test.ca-cb.ca::00243,Nope I'm pretty sure I bought them at target I'm cheap,0.0,content_diversity,Nothing wrong with not wanting to waste money.,There's no sense in overspending.,Good for you for saving money.,It's always best to comparison shop.,No shame in getting a good deal.,2.850,0.950,-0.009,0.975,-0.300,2.736,0.547,4.948,0.990,-0.375,24.165,0.589
test.ca-cb.ca::00261,You are a very cool person thanks for caring for others,0.0,content_diversity,You don't sound very sincere to me.,It sounds to me like you're nice comment is actually fake.,I don't think you really mean what you say.,It's hard to believe you're being honest with your comment.,Your response seems very sarcastic and exaggerated.,2.056,0.797,-0.020,0.959,-0.353,2.709,0.542,4.934,0.987,-0.538,34.004,0.576
test.ca-cb.ca::00265,Well if that cat could talk what a tale he'd tell,1.0,content_diversity,If that cat could talk he would probably tell all the stories about what he see's humans do.,I wonder what the cat would say probably would be good storyteller.,"I would run the other way if I heard a cat talking, probably would be possessed.",If a cat could talk that means the world is going to end.,I wonder what that cat would say probably has seen some shit.,3.889,0.809,-0.097,0.862,-0.260,2.364,0.473,4.917,0.983,-0.584,49.163,0.622
test.ca-cb.ca::00268,Props for letting that rabbit dig a tunnel in their lawn,0.0,content_diversity,"Rabbits are dangerous, man.",Rabbits are unstoppable.,Can't tame a rabbit.,It would be useless.,Rabbits get it some way.,3.333,0.667,-0.029,0.957,-0.317,2.371,0.474,4.967,0.993,-0.384,17.730,0.633
test.ca-cb.ca::00273,Only in 2x would there be a post like this,1.0,content_diversity,Why would you say that about 2x?,"I don't know what 2x is, you may be right","I disagree with you, that post could show up anywhere",If you don't like it there are plenty of other places to post,"I agree, 2x has lots of similar posts",4.000,0.707,-0.023,0.963,-0.118,2.825,0.565,4.848,0.970,-0.379,36.169,0.646
test.ca-cb.ca::00275,People get stretch marks from perfectly natural things like pregnancy,1.0,content_diversity,"Not only from pregnancy, but when you gain or lose weight.","No, if u take care of your body during pregnancy you won't get any stretch marks!",We all should love your body's. with our without stretch marks.,Is nothing perfect when you eat like crazy and your skin pops of to much fat!,"I don't care, I am a man.",4.550,0.350,-0.014,0.970,-0.135,2.862,0.477,4.984,0.997,-0.306,50.811,0.668
test.ca-cb.ca::00275,People get stretch marks from perfectly natural things like pregnancy,0.0,content_diversity,"You are right, every change on our weight leaves marks on our skin.",Some people don't know that.,"That is the truth, we have to take care of our bodies.",You can use oil to prevent stretch marks during pregnancy.,Not all body's act the same during pregnancy.,4.350,0.673,-0.017,0.953,-0.167,2.948,0.590,4.660,0.932,-0.294,35.759,0.606
test.ca-cb.ca::00276,Where was this at it looks real pretty,0.0,content_diversity,I went to see that mountain last Friday.,My family took a trip to that mountain before the weekend.,I had a day off so I drove to this place.,"I have waned to drive up this mountain, but Friday I had the chance.",My company had its retreat by this mountain during the weekend.,3.222,0.916,-0.059,0.915,-0.440,2.005,0.401,4.957,0.991,-0.465,41.957,0.688
test.ca-cb.ca::00278,Haha yep that was my first time there,0.0,content_diversity,Do your research first!,Get up to date before you post.,You're talking nonsense and you've only been there once.,You have no clue.,Ignorance is bliss but we know the truth.,3.278,0.786,0.000,1.000,0.005,2.430,0.486,4.988,0.998,-0.209,26.483,0.646
test.ca-cb.ca::00283,Meh I think they're better than tampons they're more comfortable at least,0.0,content_diversity,people do have different preferences and what they like,people have different ideas of what comfort means to them and it could be different to what you think,yes you can't quantify people's subjective thoughts,comfort can mean different things to different people,not everyone thinks either are comfortable at all!,3.333,0.745,-0.029,0.941,-0.161,2.143,0.429,4.739,0.948,-0.443,36.952,0.660
test.ca-cb.ca::00296,I had no idea that was a thing,1.0,content_diversity,"Yes, it is most definitely a thing.",Seriously? You didn't know even though it's common knowledge?,This is my first time learning about it as well.,"It's not a thing, it must be false.",I don't even know what you're talking about.,4.167,0.667,-0.019,0.967,-0.122,3.280,0.547,4.940,0.988,-0.334,39.195,0.656
test.ca-cb.ca::00299,I am now sounds like a good time,1.0,content_diversity,Let's hope so!,I don't really care if it ends up not being one.,"I'm not going, I don't think.",When are you planning on leaving?,"I guess, I'm not sure it will be.",4.300,0.640,-0.029,0.945,-0.099,2.664,0.533,4.905,0.981,-0.327,34.111,0.669
test.ca-cb.ca::00301,Well hopefully it puts it back together again,1.0,content_diversity,Can't say I want that.,Oh man I sure hope so too!,And what makes you say that?,Well I think you are probably the only one.,"Nah screw it, leave it broke.",4.167,0.236,-0.015,0.976,-0.079,2.139,0.428,4.951,0.990,-0.275,29.139,0.711
test.ca-cb.ca::00303,Is there any health risks that we know of with this,0.0,content_diversity,Nothing will happen to you if you use this.,On their website it says it's safe.,"There are no risks, no.",I've read that there are no side affects.,This is a risk-free product.,2.833,0.782,-0.012,0.970,-0.225,2.890,0.578,4.985,0.997,-0.598,27.487,0.598
test.ca-cb.ca::00308,I was her personal taxi driver for 3 months,0.0,content_diversity,What happened?,Are you okay?,Did you finally have surgery?,Were you incapacitated?,"Ouch, what did you do?",3.444,0.598,-0.031,0.967,-0.331,2.490,0.498,4.843,0.969,-0.386,13.272,0.553
test.ca-cb.ca::00314,Is there a sub or site specifically for dancing,0.0,content_diversity,"You know, you could try searching Google before you asked here.",Why don't you try looking at the top search results online?,You should try looking it up like everybody else here did.,Learn to use the internet and search for yourself.,Why are you asking us when you have access to the internet?,2.111,0.657,-0.036,0.944,-0.197,3.239,0.648,4.216,0.843,-0.453,41.687,0.672
test.ca-cb.ca::00316,Well the computers at my schools are potatoes so I can't,0.0,content_diversity,I can sympathize.,That must be frustrating.,Aww I feel for you.,I know the feeling.,Brings back memories for me.,3.150,0.808,-0.019,0.971,-0.205,2.795,0.559,4.312,0.862,-0.391,17.712,0.681
test.ca-cb.ca::00318,But in his boxers is his cum already,1.0,content_diversity,he is too old for nocturnal emmissions,was there a lot of porn?,he must masturbate a lot,he is saving it for later,"well, if the doctor needs a stool, urine, and semen sample, he can just send his boxers.",3.778,0.711,-0.042,0.950,-0.098,1.883,0.377,4.992,0.998,-0.172,32.352,0.688
test.ca-cb.ca::00319,And wed still win more games than the lions,1.0,content_diversity,Are you sure about that? Look at the stats.,You know it! Our team has done so good this year!,Who cares? All that matters is the team who wins the championship.,"Doesn't matter to me, sports aren't my thing.",You are wrong! The lions have an amazing team this year.,3.944,0.896,-0.012,0.976,-0.206,2.790,0.310,4.469,0.894,-0.219,40.623,0.625
test.ca-cb.ca::00333,I have no idea what I'm reading but I am hype,0.0,content_diversity,Really? It makes perfect sense to me.,"I understood it just fine, not sure what your problem is.",I don't understand what part you're not getting.,It's pretty simple if you think about it.,"Read it again, it's straightforward.",2.722,1.250,-0.014,0.974,-0.188,2.875,0.479,4.144,0.829,-0.433,36.814,0.669
test.ca-cb.ca::00336,Is there anywhere I can buy this I really want this,0.0,content_diversity,I found them on Ebay!,I was able to find this product on an auction site but it wasn't cheap.,I've heard you can find them online but they're rare and they are priced accordingly.,"Try looking online, I've had some friends who had some luck.","I found one for you, send me a message and I can forward you the link.",3.500,0.707,-0.026,0.948,-0.287,3.178,0.636,4.956,0.991,-0.369,46.635,0.606
test.ca-cb.ca::00354,If you're ready now I'm good to go,1.0,content_diversity,"Yeah, I'm ready now.","Nope, not ready.",I don't want to go.,Good to go and do what?,Are you sure you are ready?,3.556,0.497,-0.018,0.956,-0.241,3.202,0.640,4.989,0.998,-0.274,21.889,0.625
test.ca-cb.ca::00356,Low prices attract low income and low income typically means low class,0.0,content_diversity,i would want to pay lower prices,the cheaper the better,low prices mean more money in your pocket,low costs make for more room to do other stuff,low cost means more people can enjoy it,3.350,0.923,-0.019,0.962,-0.165,2.349,0.470,4.731,0.946,-0.666,21.644,0.585
test.ca-cb.ca::00357,Find germany big brother season 6  it lasted almost a year,0.0,content_diversity,I don't like reality shows like that.,I don't like television shows like that.,I don't like that show.,I hate Big Brother!,I don't watch reality television.,1.667,0.624,-0.158,0.783,-0.592,1.659,0.332,3.902,0.780,-0.564,23.599,0.576
test.ca-cb.ca::00358,I entered my name the lets play button doesn't work,1.0,content_diversity,Did you try refreshing the page?,Maybe you don't know how to work a button :),Sucks to be you.,Are you sure you entered your name correctly?,It works fine for me.,4.278,0.786,-0.028,0.970,-0.117,2.621,0.524,4.891,0.978,-0.141,25.633,0.641
test.ca-cb.ca::00367,I'm in the trade room already so I can trade now,1.0,content_diversity,What are you going to trade?,There are no good trades to do now,Wait for me,I don't have anything to trade with you,What do you have to trade,3.556,0.598,-0.045,0.928,-0.216,2.098,0.420,4.656,0.931,-0.377,25.198,0.741
test.ca-cb.ca::00370,Feminists are known for their thick skin and awesome wit,1.0,content_diversity,Feminists are also known for being insufferable.,The world needs more feminists,"Their awesome wit consists of making the same, boring jokes.",They're also beautiful and caring and amazing.,"Yeah, okay, let's not pretend feminists are so perfect.",3.944,0.437,-0.008,0.979,-0.095,2.972,0.594,4.989,0.998,-0.240,33.590,0.686
test.ca-cb.ca::00373,I always knew dr pepper was the drink of the gods,1.0,content_diversity,What is dr pepper?,I knew it too!,Who told you that dr pepper is the drink of the gods?,Coke is way better.,I don't care about dr pepper.,4.300,0.510,-0.028,0.945,-0.148,1.982,0.396,4.456,0.891,-0.257,21.829,0.590
test.ca-cb.ca::00373,I always knew dr pepper was the drink of the gods,0.0,content_diversity,Dr who?,I never heard of dr pepper before.,Is that really a type of drink?,Where can I find out more about dr pepper?,Where can I get some of that drink?,3.111,0.843,-0.037,0.922,-0.135,3.064,0.613,4.302,0.860,-0.343,23.175,0.610
test.ca-cb.ca::00381,I don't live in an apartment or listen to death metal,1.0,content_diversity,I live in a house and listen to classical music.,My favorite place to live is in the countryside.,Who cares where you live or what you listen to?,What kind of job do you have?,I think you're lying.,4.444,0.598,-0.019,0.960,-0.203,2.624,0.525,4.998,1.000,-0.115,26.575,0.565
test.ca-cb.ca::00381,I don't live in an apartment or listen to death metal,0.0,content_diversity,No one is interested in that information.,That means nothing to me.,What difference does it make?,So what?,I don't really need to know that.,2.278,0.749,-0.006,0.985,-0.197,2.801,0.560,4.993,0.999,-0.435,18.421,0.558
test.ca-cb.ca::00382,Thats correct as faith is knowledge in the lack of information,0.0,content_diversity,Not sure of that.,Are you positive?,I think you should learn a bit more.,Do you know what you are talking about?,I'll have to look more into it.,2.944,0.643,-0.019,0.973,-0.144,3.266,0.653,4.964,0.993,-0.434,24.986,0.675
test.ca-cb.ca::00388,Moved to japan eh get ready for 100 crit orange maps l,1.0,content_diversity,I have no idea what you are talking about here.,Japan is a nice place.,I'd say more like 200 crit orange maps!,Do you know Japanese?,What did you move to Japan for?,4.333,0.577,-0.013,0.982,-0.073,2.716,0.543,4.541,0.908,-0.173,26.060,0.636
test.ca-cb.ca::00392,Still available want nuclear dawn for 1 key,1.0,content_diversity,One key available for nuclear,Nuclear still available for one key,You can have some more,You are limited to one key for nuclear dawn,Want nuclear dawn for one key?,2.667,0.745,-0.074,0.884,-0.169,2.035,0.407,4.649,0.930,-0.466,19.851,0.620
test.ca-cb.ca::00399,I already have a whole wardrobe of band shirts,0.0,content_diversity,I wear band shirts everyday.,band shirts are my favorite shirts,you have to support your favorite bands,bands shirt are great,I wouldn't be embarrassed by wearing those shirts,3.450,0.850,-0.035,0.939,-0.247,2.518,0.504,4.589,0.918,-0.507,22.915,0.694
test.ca-cb.ca::00402,Were talking about human beings not world leaders,0.0,content_diversity,yeah world leaders have little concept of what life is for us,"you're right, imagine them spending a day in our shoes!","yep, they don't have a clue what it is to be ""normal""","This reminds me of that show ""Undercover Boss,"" they'd fail miserably being one of us",it's like they live in a completely different universe,2.889,1.125,-0.019,0.966,-0.067,2.864,0.573,4.946,0.989,-0.192,47.292,0.639
test.ca-cb.ca::00407,True but the frustration gets to me sometimes,1.0,content_diversity,maybe you should relax a little bit,what exactly frustrated with?,you should take your time and soak in the moment,i am sure you will get hold of it eventually,"i know you will get used to it eventually, you always do..",3.556,0.831,-0.036,0.936,-0.143,2.425,0.485,4.941,0.988,-0.322,32.726,0.696
test.ca-cb.ca::00407,True but the frustration gets to me sometimes,0.0,content_diversity,the fact that i can't readily understand it,the level of difficulty in the process,i believe the process is not straight forward enough,it feels like i am not getting a hold of the process,the reports aren't really adding up,2.722,0.853,-0.059,0.932,-0.216,2.231,0.446,4.764,0.953,-0.616,27.330,0.594
test.ca-cb.ca::00411,Thats pretty clean  never do work for smokers or cat owners,0.0,content_diversity,Imagine if all cat owners refused you any service.,What if  smokers refused to do any work for you.,Where would you be if cat owners and smokers denied you services?,Let all smoking cat's unite and deny OP any services!,That's a large chunk of the population that may deny you any services in return.,3.000,0.745,-0.049,0.935,-0.257,2.526,0.505,4.622,0.924,-0.471,36.845,0.567
test.ca-cb.ca::00414,After this past years performance I think you're gonna be fine,0.0,content_diversity,"I don't know, I feel like it could go either way.","I appreciate your saying so, but I don't know if I will be fine.","Yeah, but this year is different so anything could happen.","Maybe, maybe not!",I wish I had your confidence about that!,3.611,0.843,-0.031,0.952,-0.078,2.542,0.508,4.907,0.981,-0.344,38.937,0.660
test.ca-cb.ca::00423,How have we not started a band yet,0.0,content_diversity,That's the best idea I've heard.,"I can't wait, let's do something tomorrow.",We'll be such a good band.,"That's settled then, we're starting a band.",Looks like we're a band now!,2.611,0.994,-0.029,0.955,-0.240,2.530,0.506,4.961,0.992,-0.441,34.350,0.625
test.ca-cb.ca::00425,Not a problem man thanks for the heads up,1.0,content_diversity,Thanks for understanding.,Anytime.  I will let you know if anything changes.,You're welcome.,Hopefully this will be the last change.,Let me know if there is something else I can do to help.,3.778,0.629,-0.010,0.970,-0.089,2.323,0.387,4.965,0.993,-0.359,26.941,0.641
test.ca-cb.ca::00428,I wish I knew how awesome it felt,0.0,content_diversity,that would be great,"well, just let me know when next you would be free",it feels like i am wasting away here,hope it does not cost much?,it will be ok soon.,4.389,0.515,-0.027,0.964,-0.062,2.432,0.486,4.940,0.988,-0.277,22.079,0.597
test.ca-cb.ca::00432,You wouldnt say that if you could see out of my window,1.0,content_diversity,Want to bet?,I agree there.,I don't like to look outside of windows.,I say whatever I want to say mostly.,Big talk from you.,3.778,0.478,-0.024,0.954,-0.108,2.590,0.518,4.761,0.952,-0.184,22.748,0.689
test.ca-cb.ca::00435,Must be annoying those times that googles down,0.0,content_diversity,"i can imagine, stuffs like that aren't easy to deal with.",we really had to make do with what we had,"i bet you, i was really annoying",thank God we were able to scale through,good to know you are fully back now.,3.667,0.408,-0.023,0.955,-0.051,2.477,0.495,4.515,0.903,-0.376,33.997,0.680
test.ca-cb.ca::00439,And everybody who disagrees with you must think that way amirite,0.0,content_diversity,The evidence points to that I am right.,Because it shows it right here.,"Well, look at the numbers.",Look at how everyone else is responding. It shows it right there.,Because everything is listed on the paper.,2.778,0.975,-0.032,0.933,-0.271,3.102,0.517,4.445,0.889,-0.431,28.071,0.624
test.ca-cb.ca::00440,It's never the dog that is retarded  the owner needs the class,0.0,content_diversity,They think the world revolves around them.,It's as if they only care about themselves.,Dog owners don't care about anyone else.,They act like this because they know they can get away with it.,"They are self-centered people that need constant attention, hence the dog.",2.833,0.745,-0.020,0.965,-0.242,2.758,0.552,4.987,0.997,-0.309,32.638,0.563
test.ca-cb.ca::00442,How has destiny not been taken down yet,0.0,content_diversity,you should try taking destiny down yourself,if taking destiny down is so important you should give it a try,"if you think you can do it, take destiny down yourself",take destiny down yourself tough guy,destiny is waiting to be take down by you,2.222,0.749,-0.139,0.841,-0.197,2.687,0.537,4.308,0.862,-0.647,31.631,0.673
test.ca-cb.ca::00448,Does the page fail to load for anyone else,1.0,content_diversity,the page loads for me,"what's a page, can you make your question clearer","the page fails to load for me as well, can anyone help",check with the company to see about the page,page only loads in certain places,4.000,0.745,-0.051,0.930,-0.077,2.649,0.530,4.986,0.997,-0.372,32.496,0.722
test.ca-cb.ca::00792,the room   the room   the room   the room   the room,1.0,content_diversity,I love it so much,It's a hilariously good time,I saw it last year at a screen and it was a blast.,It sucks so much dude,You have clearly lost your mind,3.722,0.583,-0.024,0.952,-0.158,1.764,0.353,4.577,0.915,-0.300,21.409,0.579
test.ca-cb.ca::00792,the room   the room   the room   the room   the room,0.0,content_diversity,I think you have lost it,You've lost your marbles,I don't think you brain is working,Your mind is going haywire,I think your head is scrambled,2.111,0.843,-0.048,0.918,-0.368,2.148,0.430,4.830,0.966,-0.457,19.535,0.610
test.ca-cb.ca::00797,These cars will be for sale in russia in a 4 days,1.0,content_diversity,I want them now,who cares about russia?,I don't want to know about those cars,I don't care for these cars,why are you telling me these for?,3.778,0.629,-0.030,0.943,-0.209,2.236,0.447,3.972,0.794,-0.208,20.773,0.594
test.ca-cb.ca::00803,Dat jon tho  I'm dying laughing this is great,0.0,content_diversity,you are something great!,you are awesome,very great of you!,that is cool you are pretty great,how great is that,2.167,0.624,-0.067,0.904,-0.278,2.248,0.450,4.366,0.873,-0.814,14.965,0.624
test.ca-cb.ca::00805,After reading this thread I swear I never want to have kids,0.0,content_diversity,Kids are hard to take care of.,Kids are always doing something wrong or dangerous.,You really have to stay on top of your game with kids.,It's a hard life to enter into.,Parenting can be very trying.,3.278,0.885,-0.021,0.963,-0.269,2.294,0.459,4.996,0.999,-0.526,27.246,0.592
test.ca-cb.ca::00813,I wish the same could be said about mine,0.0,content_diversity,Stop kicking yourself.,Put an end to beating yourself up.,Quit torturing yourself.,Be nicer to you.,I am telling you that you need to stop putting the blame on yourself.,2.550,0.879,-0.036,0.955,-0.406,1.995,0.399,4.415,0.883,-0.524,22.698,0.631
test.ca-cb.ca::00816,Gotta say I like her way more with the long hair,0.0,content_diversity,I think she is attractive.,She is stunning.,Do they make them that beautiful anymore?,She's so gorgeous!,She is beauty personified.,2.111,0.965,-0.029,0.961,-0.380,2.366,0.473,3.870,0.774,-0.669,19.345,0.667
test.ca-cb.ca::00819,This is why I only do that over water now,1.0,content_diversity,do what? im curious,why are you doing this with water,i am confused about this,what are you getting at,can you elaborate,2.833,0.527,-0.024,0.956,-0.089,2.147,0.358,4.991,0.998,-0.498,16.624,0.665
test.ca-cb.ca::00822,So then yes but other than yes no,0.0,content_diversity,Next time move along rather than showing your ignorance.,I have so many things to say but this stupid comment stopped me for a minute.,Don't come on here just to annoy people with your stupidity.,When you see someone moronic like this...try to move on.,Why do you insist on spending your life being a troll and saying dumb things.,3.050,0.789,-0.022,0.967,-0.212,3.210,0.642,4.996,0.999,-0.393,46.988,0.653
test.ca-cb.ca::00832,I've got all day today if you're ready to party,0.0,content_diversity,If I leave right now my boss will have my head.,I'll try to get past my boss and we can get the party started.,I'll leave as soon as my coworkers turn their backs.,"I'm ready, I don't even care if people notice I'm missing.",I'll walk right out the door and ignore eveyone who notices.,3.222,0.533,-0.023,0.947,-0.263,2.255,0.451,4.926,0.985,-0.391,50.391,0.672
test.ca-cb.ca::00839,You must be hipster because I've never heard of these bands before,0.0,content_diversity,I think you would recognize them if you heard them.,I am an avid listerner to music so I am more familiar with all the new bands.,"They are all really big bands, you should know them.",You don't have to be a hipster to recognize these bands.,I'm not a hipster you're just a square.,4.278,0.820,-0.023,0.939,-0.227,2.240,0.448,4.963,0.993,-0.231,42.630,0.627
test.ca-cb.ca::00842,Thank you so much for this this is great,1.0,content_diversity,you are very welcome,I did my best,I am glad my effort is appreciated,you can pay me back later,I like steak and ice cream,3.722,0.885,-0.019,0.970,-0.078,2.066,0.413,4.763,0.953,-0.314,16.922,0.627
test.ca-cb.ca::00844,It seems like too high a price to pay,0.0,content_diversity,If you get your head around it it isn't so bad.,When you first hear it maybe but it isn't really.,It is a lot it has to be agreed but try putting it in perspective.,Give it some thought and you may change your mind.,"I don't think so once you come to terms with it,",3.222,0.853,-0.048,0.947,-0.168,2.662,0.532,4.857,0.971,-0.499,47.758,0.702
test.ca-cb.ca::00861,The first part isn't really awesome  this a straight up sap,0.0,content_diversity,I loved it a lot.,I really like it.,I enjoyed it very much.,I'm impressed by it.,"It's really awesome, in my opinion.",2.111,0.737,-0.044,0.950,-0.543,1.996,0.399,4.073,0.815,-0.835,16.649,0.490
test.ca-cb.ca::00869,Thank you the input helps me a lot,0.0,content_diversity,"Sure, love to lend assistance.","No worries, I'm happy to assist.",My assistance is always available.,"Sure thing, always happy to lend a hand.","My services are here whenever needed, no sweat.",2.333,1.000,-0.033,0.941,-0.252,2.624,0.525,4.525,0.905,-0.674,29.900,0.695
test.ca-cb.ca::00878,Thats his fault besides it's not ruined for everybody else,1.0,content_diversity,True that he is totally to blame.,I don't blame him for that at all.,Why are you saying that he is at fault?,Everyone else will have a great time.,"Yeah, screw him, let's have a good time.",3.722,0.478,-0.038,0.929,-0.244,2.825,0.565,4.989,0.998,-0.341,34.344,0.688
test.ca-cb.ca::00879,If you don't know the reference google it,1.0,content_diversity,everything is on google,what do you mean,im nt sure where its from,don't know what you mean,what is it anyway?,3.222,0.533,-0.034,0.945,-0.024,2.433,0.487,3.989,0.798,-0.387,17.374,0.668
test.ca-cb.ca::00882,I believe they can indeed hear your weird conversations,0.0,content_diversity,Why would that be a problem?,So what?,I don't care much,It's not a big deal,Not a problem for me,2.556,0.896,-0.011,0.982,-0.158,2.560,0.512,4.862,0.972,-0.457,18.421,0.658
test.context.txt::01570,Makes it all the more hilarious for those of us that do,1.0,content_diversity,Do what exactly,yeah its funny,cool,hilarious,alright but who cares,3.667,0.816,0.000,0.800,-0.095,2.453,0.491,4.756,0.951,-0.381,10.563,0.880
test.context.txt::01586,Well I guess you shouldn't go see the movie then problem solved,1.0,content_diversity,But I want to know what happens!,"Okay, you are probably right.",I wasn't anyway.,I was only going to go because Dylan wanted to.,That is just your opinion.,3.889,0.515,-0.014,0.973,-0.110,2.573,0.515,4.957,0.991,-0.231,19.850,0.522
test.context.txt::01595,I did not se her coming at all,1.0,content_diversity,I did but I couldn't alert you.,She showed up out of nowhere.,I was surprised by her too.,She was trying to sneak up on us.,I think she thought she would catch us doing something.,3.389,0.774,-0.022,0.957,-0.289,2.175,0.435,3.970,0.794,-0.357,25.379,0.577
test.context.txt::01596,You can't eat them  oh god thats embarrassing,1.0,content_diversity,Why can't I eat them.,Sure I can eat them.,I don't plan on eating them at all.,"Calm down, no issues with eating them.",I don't plan to.,3.500,0.707,-0.079,0.887,-0.376,2.571,0.514,4.901,0.980,-0.388,26.839,0.655
test.context.txt::01596,You can't eat them  oh god thats embarrassing,0.0,content_diversity,Those things are not going in my mouth.,No thought on eating it.,I had no intent on such a thing.,Nothing is being eaten.,"Those things won't be ate, no worries.",2.778,1.030,-0.014,0.968,-0.305,2.624,0.525,4.923,0.985,-0.440,27.816,0.696
test.context.txt::01610,I was a fan of the insanity wolf one,0.0,content_diversity,I hated it.,Not one I liked.,I didn't like it.,I thought that was rubbish.,"Played it once, never again.",2.056,0.864,-0.046,0.952,-0.388,2.763,0.553,4.979,0.996,-0.576,13.080,0.451
test.context.txt::01611,I did't quit anything I'm not sure I understand your comment,1.0,content_diversity,"I didn't say you quit, I said you didn't try.",You looked like you quit.,Doesn't look like full effort.,"Oh sorry, thought you quit.","Nothing to understand, I thought wrong.",3.333,0.816,-0.034,0.934,-0.172,2.007,0.401,4.953,0.991,-0.352,29.611,0.658
test.context.txt::01617,Get a haircut you look like an idiot,0.0,content_diversity,very not cool,that was very mean,very rude of you,how mean,why would you be so mean,1.667,0.527,-0.038,0.947,-0.092,2.121,0.424,4.998,1.000,-0.679,12.581,0.662
test.context.txt::01619,This may be the strangest thing I've read today,1.0,content_diversity,"I agree, very strange.",Not the strangest for me.,No way the strangest for today.,I think you might be correct.,That many things are weird today?,3.500,0.408,-0.030,0.940,-0.195,3.204,0.641,4.613,0.923,-0.513,16.972,0.514
test.context.txt::01630,Haha only if you want thats very sweet,0.0,content_diversity,Try a piece of bacon with it so it helps with the sweetness.,I always eat something salty with sweets.,Like chips and candy bars - sweet and savory,I put salt on really sweet items.,eat some pretzels the salt will help,2.722,1.057,-0.016,0.958,-0.198,2.199,0.440,4.964,0.993,-0.485,33.633,0.731
test.context.txt::01638,Lol he looks more happy with dirt butt,0.0,content_diversity,"I remember playing like that for hours on end, I love watching them.",It really fun to watch the kids on the playground.,It nice to see the kids all carefree and happy at the park,Kids can play for hours and hours doing the same thing at the park.,Children should really appreciate this time because it goes away so fast.,3.000,0.837,-0.040,0.927,-0.252,3.001,0.600,4.651,0.930,-0.507,39.501,0.590
test.context.txt::01644,Which is weird considering english itself has a hard g,0.0,content_diversity,I don't know why it is weird,why so weird though,seems normal,the hard g doesn't change things,not really weird for the most part,2.611,0.809,-0.017,0.969,-0.112,3.114,0.623,4.747,0.949,-0.459,18.583,0.620
test.context.txt::01646,How will we know what is worth buying,1.0,content_diversity,You will know.,Others can vouch for me.,You will recognize the quality.,You will see the difference.,You can feel free to shop around,3.500,0.837,-0.066,0.924,-0.332,1.619,0.324,4.985,0.997,-0.455,18.578,0.641
test.context.txt::01646,How will we know what is worth buying,0.0,content_diversity,Do I need an appointment?,When can I come over?,Is that really ok?,"Great, I'm excited to come over.",I look forward to seeing you.,3.056,0.724,-0.018,0.969,-0.190,2.706,0.541,4.509,0.902,-0.317,22.225,0.654
test.context.txt::01649,Every guy tries it anyone who says they haven't is lying,0.0,content_diversity,"yes, they all do",i never met one that hasn't,every male has,"for sure, all males",they are not telling the truth if they say otherwise,2.778,0.946,-0.011,0.978,-0.027,2.435,0.487,4.707,0.941,-0.363,18.111,0.584
test.context.txt::01652,Okay thats what I intend to do thanks for your help,1.0,content_diversity,You're very welcome!,Anytime...glad I could help.,Let me know if you need anything else.,Let me know how it goes for you.,I'm just glad I was some help. good luck!,2.944,0.831,-0.026,0.939,-0.064,3.190,0.532,4.604,0.921,-0.519,27.864,0.606
test.context.txt::01659,Hate to say this but that in fact is a xbox 360,0.0,content_diversity,it was quite apparrent,The 360 aspect was quite obvious,"I'm not sure I care, but probably true.","For the most part, I agree","Yes a 360, but not difficult to say.",2.833,0.782,-0.021,0.961,-0.099,3.028,0.606,4.979,0.996,-0.359,26.489,0.679
test.context.txt::01662,If you find the answer to this please share it with me,1.0,content_diversity,"Of course, I'll share.","No, I don't think I will",why would I do that?,"perhaps, but we will see.",I can try to share soon,3.556,0.685,-0.023,0.962,-0.139,2.605,0.521,4.975,0.995,-0.312,21.018,0.584
test.context.txt::01662,If you find the answer to this please share it with me,0.0,content_diversity,sharing shouldn't be an issue,"of course, I'll help",That is what I planned,Always want to help you.,Sharing is not an issue.,2.444,0.926,-0.021,0.956,-0.220,2.922,0.584,4.349,0.870,-0.336,16.621,0.536
test.context.txt::01665,Wow thats really cool how did the devs know about his surgery,1.0,content_diversity,I don't know but I'll try to find out.,I think they were told by the hospital.,It's all over online so they probably got it there.,Brian told them before they went into the hospital.,"Who knows, people get info all over the place.",4.167,0.707,-0.030,0.950,-0.242,3.208,0.642,4.891,0.978,-0.248,32.499,0.570
test.ca-cb.ca::00579,Just because she used pills doesn't mean she wasn't serious,1.0,content_diversity,"Well, you can't blame them for taking her seriously","I don't know, using pills is pretty serious.",Using pills definitely sends a strong message.,Drug use isn't something to fool around with.,It's pretty serious when you talk about using pills.,2.889,0.936,-0.022,0.960,-0.172,3.324,0.665,4.575,0.915,-0.483,32.171,0.585
test.ca-cb.ca::00589,The only reason I'm clicking on every provided image link,1.0,content_diversity,what is that reason?,you are wasting time,"you are searching for porn again, aren't you",you have too much free time,so you are addicted,3.833,0.850,-0.062,0.927,-0.081,1.976,0.395,4.997,0.999,-0.201,20.823,0.694
test.ca-cb.ca::00592,Wow do you really mean that what is your thought process,0.0,content_diversity,"No, they don't mean that!",Don't pay attention to them too much.,You're being too gullible.,They're saying something harmless.,"Let's move on, it isn't serious.",3.667,0.527,-0.004,0.992,-0.228,2.731,0.546,4.274,0.855,-0.414,28.806,0.640
test.ca-cb.ca::00607,I'm a girl so if anything my girlfriend would be a vibrator,1.0,content_diversity,"well, you could also be a lesbian",that is nice,that kind of girlfriend never fights with you,I want to watch,can I join? you can have both a girlfriend vibrator and a guy,3.778,0.711,-0.018,0.954,-0.072,2.735,0.456,4.907,0.981,-0.177,24.933,0.674
test.ca-cb.ca::00619,Actually it was directed at the ref  good job good effort though,1.0,content_diversity,you know how I do,the ref was terrible,fire the ref I say,the ref was fired,"well, wonder if they get paid?",3.167,0.408,-0.072,0.904,-0.116,2.405,0.481,4.142,0.828,-0.243,14.885,0.573
test.ca-cb.ca::00622,If they win I'm using this on facebook,1.0,content_diversity,Great,You should not,I would not do that,I like facebook,Use it all,3.778,0.671,-0.010,0.973,-0.137,2.150,0.430,4.328,0.866,-0.221,12.078,0.805
test.ca-cb.ca::00624,Spoiler tags are useless if you're using the app reddit is fun,0.0,content_diversity,Stay off reddit to avoid spoilers,Don't use reddit and you wont see spoilers,If you don't want to see spoilers stay off reddit,If you don't want to see spoilers don't use reddit,Stay away from reddit and you won't see spoilers,1.944,0.797,-0.168,0.734,-0.417,2.508,0.502,4.954,0.991,-0.856,32.373,0.611
test.ca-cb.ca::00642,I only buy weed grown in manhattan or queens,0.0,content_diversity,I am not a smoker,I do not consume weeds,I do not like weeds,I don't care for weeds,weeds is not something I enjoy,1.600,0.490,-0.105,0.884,-0.484,1.524,0.305,4.904,0.981,-0.588,16.053,0.573
test.ca-cb.ca::00653,Call the cops anyway just to make sure,0.0,content_diversity,Do you really want to waste the time of a couple of cops?,This problem is really not important enough to call the authorities over.,They shouldn't call the cops!,Police would not help much in this situation.,I think it's fine if they don't call them.,3.111,0.875,-0.022,0.961,-0.267,2.944,0.589,4.982,0.996,-0.462,36.307,0.626
test.ca-cb.ca::00656,This mentality is why I don't try at anything,1.0,content_diversity,you should try,don't blame it,talking like this will not help,you have to get rid of this kind of thinking,there is doing and not doing,3.278,0.671,-0.009,0.964,-0.090,2.183,0.437,4.238,0.848,-0.302,21.858,0.728
test.ca-cb.ca::00659,I met her a few weeks ago nice kid,1.0,content_diversity,"Kid, she's an adult.",I met her too.,I don't think she's nice.,I think the kid is nice.,I don't like her at all.,3.950,0.610,-0.047,0.926,-0.436,2.717,0.543,4.990,0.998,-0.251,19.756,0.507
test.ca-cb.ca::00660,This attitude is why they get away with it,0.0,content_diversity,That is the attitude to have,Yes a good attitude,I want the sme attitude,I would concur,yes to that,2.222,0.416,-0.026,0.952,-0.035,2.366,0.473,4.806,0.961,-0.487,11.804,0.562
test.context.txt::01790,The only person I want to punch is myself,0.0,content_diversity,Why would you want to do that?,Can you explain why?,Please explain to us why first.,I don't understand. Why?,You have to tell me why before you do it.,2.611,0.843,-0.026,0.955,-0.208,2.389,0.398,4.796,0.959,-0.574,22.590,0.579
test.context.txt::01792,I am guilty of singing the alphabet song to figure that out,1.0,content_diversity,"Ha ha, I do that all the time.",Did you know the alphabet song is sung to the tune of Twinkle Twinkle little star?,That's funny because I have to do that sometimes.,lol I think we all do that now and then.,I haven't done that for awhile but now I probably will.,3.167,1.130,-0.053,0.936,-0.142,2.625,0.525,4.896,0.979,-0.281,42.267,0.660
test.context.txt::01793,No they don't even get the difference between funny and not funny,0.0,content_diversity,Does it bug you that much anyway?,I don't know why you care at all.,Is it bothering you that much?,You seem to care about this a lot?,Do you really give that much of a damn?,2.722,1.083,-0.042,0.941,-0.313,2.685,0.537,4.668,0.934,-0.578,30.474,0.677
test.context.txt::01805,Is there anywhere I can buy a knock it around tshirt,0.0,content_diversity,They cost far too much.,Do you realise how much they cost?,I would think they are out of your price range.,"Whoah, they are very pricey!",You splashing the cash?,2.400,0.831,-0.018,0.967,-0.173,2.500,0.500,4.877,0.975,-0.417,25.642,0.692
test.context.txt::01813,Gt all hell broke loose  I spot apple autocorrect,0.0,content_diversity,What does that mean?,You don't say...,I don't get what you're saying.,This is gibberish.,Say what you mean...don't leave us guessing.,2.778,0.749,-0.008,0.983,-0.098,2.089,0.418,4.906,0.981,-0.449,27.628,0.658
test.context.txt::01814,Sarcasm is really funny okay always funny and always original,1.0,content_diversity,It is yes.,It really isn't. sometimes it is just nasty.,"Sometimes it is funny, sometimes it isnt.",It depends on who is the target.,Not everyone can pull it off though.,3.611,0.614,-0.052,0.929,-0.229,2.540,0.423,4.983,0.997,-0.293,27.744,0.677
test.context.txt::01829,Hey guys I'm glad you're enjoying the post kisses,1.0,content_diversity,"Ewww, no post kisses.",I love the post kisses.,Maybe I enjoy it a little bit.,You are gross!,"What are you, like 12.",4.111,0.567,-0.023,0.956,-0.175,2.743,0.549,4.889,0.978,-0.133,19.064,0.615
test.context.txt::01831,More information wouldnt hurt like when does it crash,1.0,content_diversity,"Yes, I should have mentioned that.",It crashes every time I try to install something.,"Sorry, it crashes every time I get to level 4.",It crashes whenever I try to save a file.,It freezes up whenever I answer the 4th question.,3.333,0.972,-0.080,0.873,-0.343,2.511,0.502,4.523,0.905,-0.328,33.668,0.673
test.context.txt::01835,Finally a principal with a head on his or her shoulders,1.0,content_diversity,i agree with you,in which school?,i think you're mistaken,where can i see him,what do you mean by that,4.100,0.735,-0.018,0.973,-0.053,2.299,0.460,4.987,0.997,-0.269,15.728,0.629
test.context.txt::01838,May I ask what kind of cases those are,1.0,content_diversity,those are old cases,i can't tell you,are they top secret cases,i wanna find out more about it,nothing that you would find important,4.222,0.533,-0.020,0.962,0.004,2.637,0.527,4.999,1.000,-0.223,15.496,0.553
test.context.txt::01841,Please post more pictures when you get the opportunity thank you,1.0,content_diversity,I will do that...thanks for caring.,I will post more soon as soon as I find a certain album.,Thanks for liking them.,I will put some up this afternoon.,I'm so happy you liked them.,3.200,0.600,-0.033,0.931,-0.165,2.051,0.410,4.329,0.866,-0.395,25.612,0.545
test.context.txt::01845,Crap any idea when it's back up again,0.0,content_diversity,I don't know.,"Don't ask me, I am as in the dark as you are.",Who knows?,I haven't a clue.,Beats me!,2.111,0.698,-0.012,0.974,-0.192,1.955,0.391,4.308,0.862,-0.487,19.660,0.562
test.context.txt::01848,Unless you read it as bike locking fail,1.0,content_diversity,What is a bike locking fail?,Is this how the bike was stolen?,How would the bike lock fail?,Is that even possible?,I agree with you.,3.700,0.510,-0.023,0.954,-0.238,2.517,0.503,3.989,0.798,-0.311,21.702,0.678
test.context.txt::01849,Look at number 34 on the list this list is void,1.0,content_diversity,why would it be void,i think it is a mistake,what list are you talking about,i can't find the list,"oh you are right, i didn't notice",3.500,0.667,-0.024,0.959,-0.100,2.467,0.493,4.961,0.992,-0.323,21.558,0.634
test.context.txt::01854,It looks so real I felt bad for the people getting hit,0.0,content_diversity,It was surprising how real it looked.,"I had to laugh at the monster, though, totally messed up.",The fx were really tight in this film.,I thought some effects were thrown in there for no reason.,It's like they had two different departments working on special effects.,4.350,0.450,-0.010,0.979,-0.184,2.995,0.599,4.249,0.850,-0.270,31.627,0.555
test.context.txt::01860,So do you guys eat those or do they eat you,1.0,content_diversity,i prefer eating them,that makes no sense,what do you think,i can't answer that,it all depends on a few factors,3.950,0.568,-0.010,0.983,-0.060,2.048,0.410,4.939,0.988,-0.253,16.470,0.659
test.context.txt::01869,I met a shower bear once that was quite the experience,1.0,content_diversity,"Do tell, do tell :)","Wait, what? Is that the cousin of the dreaded drop bear?",Where on earth did you find a shower bear?,Ha - I don't believe it. Shower bears are far too rare!,Did it offer you a drink and a cigar?,4.278,0.583,-0.010,0.974,-0.010,3.684,0.526,4.574,0.915,-0.196,41.352,0.726
test.context.txt::01870,Way better in season 2 than 8 amp 9 imo,1.0,content_diversity,"Yes, I agree...it started falling off in the middle",Seasons 8 and 9 are pretty bad.,I hear the stars started hating each other so the show suffered.,It was good up until about season 7,I loved the show and was sorry it petered out.,3.889,0.843,-0.025,0.956,-0.193,3.018,0.604,4.991,0.998,-0.277,32.299,0.598
test.context.txt::01872,This making the front page is going to triple reddits collective vocabulary,1.0,content_diversity,"Oh no, we don't know big words.",You sound like a bit of an arrogant snob.,The intellectuals are going to have a field day.,I find the whole story too boring to even finish.,I don't understand how this made the front page to begin with.,4.100,0.436,-0.014,0.974,-0.227,2.526,0.505,4.652,0.930,-0.222,32.764,0.575
test.context.txt::01873,This isn't madden it doesn't just work like that,1.0,content_diversity,Why isn't this Madden?,It does work like that.,Why wouldn't it work like this?,Please explain yourself.,I agree with you on this.,3.700,0.600,-0.020,0.956,-0.198,2.653,0.531,4.996,0.999,-0.292,22.321,0.676
test.context.txt::01875,I think you can only do 3 of those as president,0.0,content_diversity,I'm not well-versed when it comes to presidential powers.,I'll google it because I have no idea.,"You may be right, I'll check it out.",I know nothing about politics so I'd have to google.,I don't have a clue so I'll defer to you.,3.444,0.762,-0.038,0.947,-0.272,2.786,0.557,4.965,0.993,-0.286,42.940,0.661
test.context.txt::01876,Lets all chip in and send him a real one,0.0,content_diversity,i don't want to chip in,i don't want to give money,i'm not giving money,i would prefer not to,i don't want to do that,1.667,0.577,-0.156,0.776,-0.434,1.454,0.291,4.959,0.992,-0.605,17.635,0.504
test.context.txt::01878,Id like to be a part of this,0.0,content_diversity,As would I!,"You and me both,","I know, I feel just the same.","You're not kidding, I'd love to be.",That's just what I have been saying.,2.833,1.027,-0.008,0.979,-0.072,2.494,0.499,4.860,0.972,-0.614,27.704,0.676
test.context.txt::01888,2 wow I know the feeling bro hate when that happens,0.0,content_diversity,You always think this stuff happens to someone else,I thought everything would turn out okay but it didn't.,"I counted my chickens, as they say...","Well, it really floored me when it happened.",Nobody can believe it but here we are.,3.889,0.875,-0.015,0.976,-0.128,2.399,0.480,4.897,0.979,-0.222,29.333,0.564
test.context.txt::01356,This explains me and my girlfriend in a nutshell,0.0,content_diversity,There are some parts that are really spot on.,I certainly see a lot of myself in that.,I hate it when some random paragraph describes me.,I sure feel a lot of what is said there.,It's a pretty accurate description of my relationship.,3.333,0.913,-0.033,0.940,-0.262,2.319,0.464,4.223,0.845,-0.342,31.151,0.599
test.context.txt::01357,I promise I will respond allow me time to absorb,0.0,content_diversity,No problem out all...whatever you need.,I have all the time in the world so no hurry.,There's no time limit so just let me know when you can.,Do it at your own pace.,"Absolutely, just text me when you're ready to talk.",3.056,1.091,-0.013,0.964,-0.166,2.888,0.578,4.901,0.980,-0.420,35.554,0.613
test.context.txt::01358,And the worlds gone crazy and it aint safe on the streets,1.0,content_diversity,it is safe now,I could care less,I am safe whenever I am,the world has always been crazy,the street is never safe,3.944,0.497,-0.025,0.934,-0.108,1.935,0.387,4.856,0.971,-0.237,15.769,0.631
test.context.txt::01359,Way to repost the same thing you posted a few minutes ago,1.0,content_diversity,I do what I want,do you not like the repost,it got a lot of audience,do you have other suggestion?,"well, what else can we do",3.950,0.472,-0.031,0.948,-0.063,3.015,0.603,4.941,0.988,-0.265,22.608,0.754
test.context.txt::01363,You can tell by the pixels  edit I'm an expert,1.0,content_diversity,I don't even know what a pixels edit is.,I wouldn't know an expert from a newbie.,Everyone is an expert compared to me.,You know way more than anyone else I know.,I will never understand this stuff.,3.550,1.036,-0.039,0.943,-0.247,2.285,0.457,4.358,0.872,-0.265,26.057,0.543
test.context.txt::01365,You can fix the ending  thats more than you deserve,0.0,content_diversity,That's not even worth my time to comment.,"Oh wah, wah, wah...just be quite, would you?",That's actually pretty funny.,You can't get under my skin so don't try.,Lol...you are a trip.,3.889,0.774,-0.006,0.982,-0.052,2.641,0.528,4.987,0.997,-0.199,35.304,0.619
test.context.txt::01368,I have about 2 and a half I think,1.0,content_diversity,"oh, thats a good amount",sound about right,only that many?,seems about average,just today?,3.444,0.437,-0.007,0.988,-0.066,2.043,0.409,4.841,0.968,-0.426,12.872,0.677
test.context.txt::01373,Normally I wouldnt but I also don't want op to die,1.0,content_diversity,well aren't you just the sweetest!,don't waste your words on this nonsense.,not like anyone took you seriously to begin with!,some things really ought not need to be said!,is this your official disclaimer for the ensuing law suit?,4.111,0.614,-0.015,0.971,-0.043,3.172,0.634,4.361,0.872,-0.242,34.183,0.684
test.context.txt::01378,Alright you can add me whenever you want to offer,0.0,content_diversity,that works,let's do that,all righty,works for me,I am down for that,2.222,0.820,-0.033,0.947,-0.149,2.770,0.554,4.938,0.988,-0.492,12.972,0.764
test.context.txt::01380,I require more info on the third link please,0.0,content_diversity,Tell me what you need and I'll post it,I'll send whatever.,I think I have whatever you need.,I'll share whatever I have.,I send you my stuff if you want.,2.444,0.864,-0.063,0.904,-0.356,2.534,0.507,4.465,0.893,-0.640,29.781,0.709
test.context.txt::01384,Any state especially florida so many florida tattoos,0.0,content_diversity,Why would you want to put ink on your nice clean body?,God disallows tattoos.,Why is it considered OK to hurt yourself like that?,You'll regret mutilating your body one day.,It should be illegal to get tattoos.,3.111,0.875,-0.015,0.974,-0.190,2.427,0.485,4.936,0.987,-0.343,33.210,0.722
test.context.txt::01399,then try typing in what you said in google,1.0,content_diversity,I can't remember what I said in google,I tried to type it in but it doesn't work.,I can't make it do the same thing no matter what,I don't remember the exact words so it comes out differently,Ok I'll try that,3.444,0.598,-0.037,0.940,-0.197,2.437,0.487,4.916,0.983,-0.304,34.666,0.630
test.context.txt::01406,Took me way too long to figure out whats going on,0.0,content_diversity,That is because you're not intelligent,Your IQ is low,Your intelligence is low,You are not smart,You can't think properly,1.600,0.583,-0.039,0.934,-0.442,1.942,0.388,4.803,0.961,-0.617,13.184,0.507
test.context.txt::01409,I don't consider tipping anyone it's my culture,0.0,content_diversity,"Man, that literally takes no creativity!",How boring to use the same old tired excuses.,"Oh, surprise surprise at that explanation",Like we've never heard this one before.,Time to think up a new and exciting way to say you're a jerk!,2.889,0.843,-0.006,0.976,-0.113,2.173,0.435,4.312,0.862,-0.243,36.350,0.699
test.context.txt::01413,I can think of two reasons why guys like katy perry,1.0,content_diversity,Yep aside from that I can think of zero.,Sounds like someone doesn't like Katy Perry,"She had a very strict, religious childhood so she's different.",Oh leave her alone and stop being a jerk.,She's just one step above Britney Spears.,4.250,0.512,-0.002,0.990,-0.072,2.750,0.550,4.932,0.986,-0.230,29.936,0.565
test.context.txt::01423,Jesus man don't you go shooting your eye out,1.0,content_diversity,I know how to handle a gun.,Don't worry I've been doing this for years.,I won't...lol.,It won't be pointed towards me so I doubt that will happen.,"I'm very careful handling any type of weapon, even a slingshot.",3.389,0.515,-0.014,0.985,-0.188,2.915,0.583,4.849,0.970,-0.230,39.622,0.660
test.context.txt::01429,Lol no thanks thanks for the offer though,0.0,content_diversity,"No worries, I dont mind at all.","No problem, pleased to.","Okay pal, I wouldn't have minded though.",It really wouldn't be a problem and I am more than happy to.,"Don't mention it, it would have been my pleasure.",3.167,0.972,-0.018,0.970,-0.241,2.618,0.524,4.936,0.987,-0.714,36.711,0.667
test.context.txt::01431,Thats the hilarious irony that japan is in fact a retro nation,0.0,content_diversity,What do you mean?,I don't know what retro nation implies.,What are you saying?,What does retro mean?,How is Japan a retro nation?,2.150,0.550,-0.036,0.952,-0.273,1.743,0.349,4.531,0.906,-0.503,19.709,0.616
test.context.txt::01435,By the way comment karma is more worthless than link karma,1.0,content_diversity,I need the link karma then,And link karma is more worthless than do karma,But not everything has a link unfortunately,Tell that to the trolls,Link karma...that's so funny,3.778,0.671,-0.020,0.960,-0.076,2.825,0.565,4.667,0.933,-0.330,23.779,0.643
test.context.txt::01440,I still don't see how either were penalties,1.0,content_diversity,Because you're blind,"Obviously, he was fouled",They weren't,I think the referee was bribed,Well at least he missed one,4.100,0.700,-0.008,0.981,-0.058,3.609,0.722,4.948,0.990,-0.282,12.052,0.464
test.context.txt::01445,Could have cut out the first 2 minutes of the video,1.0,content_diversity,"I agree, it wasn't necessary.",It was a waste of a good two minutes,The first two minutes set up the rest of the story,What was wrong with the first two minutes?,You're right it was awful,3.444,0.598,-0.032,0.930,-0.268,2.550,0.510,4.831,0.966,-0.284,27.701,0.616
test.context.txt::01446,Oh I know thank science sagan is only 5 letters,0.0,content_diversity,I've never heard that phrase before but I'm stealing it,"I can't wait to use ""thank science"" on someone and watch them freak out",One of my friends would get so mad if I said Thank Science...I love it!,I'm actually making a not of that phrase because I like it so much.,"Note to self...remember ""Thank Science""",3.333,0.667,-0.018,0.965,-0.031,2.914,0.583,4.947,0.989,-0.346,57.281,0.718
test.context.txt::01691,Cool let me know if you have suggestions after you try it,0.0,content_diversity,I do have some suggestion for you now,I have some idea,I can give you some pointer right now,I do have things to tell you,want to hear my suggestion now?,2.200,0.781,-0.071,0.891,-0.193,2.347,0.469,4.948,0.990,-0.529,23.544,0.692
test.context.txt::01694,Shit man I spend about 3 hours of my day masturbating,0.0,content_diversity,you're doing it too much,you're addicted to masturbation,i think you have a problem,that is addicition,you are masturbating way too long,2.111,0.515,-0.011,0.975,-0.282,2.628,0.526,4.999,1.000,-0.443,20.788,0.742
test.context.txt::01699,Nope has been unknown for atleast a few months,0.0,content_diversity,That isn't true,That's not truth,You are lying,You are not telling the truth,That is incorrect,1.750,0.250,-0.032,0.929,-0.482,1.687,0.337,4.658,0.932,-0.690,15.014,0.682
test.context.txt::01707,Check the sidebar you are breaking several rules,0.0,content_diversity,"Oh man, I didn't realize that.",I remove it right away.,I should have looked before I posted,Thanks for the heads-up.,I'll take it down...sorry :(,3.111,0.936,-0.019,0.970,-0.087,2.972,0.594,4.700,0.940,-0.230,26.242,0.625
test.context.txt::01712,This is a terrible attempt at viral marketing universal studios,0.0,content_diversity,you are correct on this,I think so too,I concur with that,it is pretty bad,it is not a job well done by them,2.450,0.522,-0.016,0.967,-0.041,1.761,0.352,4.962,0.992,-0.428,15.775,0.607
test.context.txt::01716,Sorry for taking do long to respond something came up,0.0,content_diversity,let's cut to the chase,say what you want,spit it out,can you just cut the chit chat,make your point already,2.556,0.926,-0.011,0.974,-0.024,1.827,0.365,4.673,0.935,-0.334,15.405,0.616
test.context.txt::01728,Cuz whats real is something the eyes can't see,1.0,content_diversity,the eyes can see what is real,what are you saying?,I can see,my eyes can see real things in front of me,you should shut up now,3.778,0.478,-0.053,0.909,-0.175,1.996,0.399,4.034,0.807,-0.308,21.197,0.706
test.context.txt::01750,Novelty account for 5 days bravo ill allow it,0.0,content_diversity,"it is my decision, not yours","this is my right to make, not yours",you have no say in this matter,I make the final decision,you don't have any authority here,2.150,0.673,-0.027,0.941,-0.268,2.305,0.461,4.945,0.989,-0.410,23.247,0.646
test.context.txt::01762,I'm curious what the image is my ipad won't show it,1.0,content_diversity,my ipad show the image,the operating system seems  bit buggy,is it the connetion?,maybe it is something else,I can resend you the email,4.333,0.667,-0.032,0.962,0.021,2.734,0.547,4.652,0.930,-0.159,19.240,0.713
test.context.txt::01768,Worlds best at becoming the worlds best at stuff,1.0,content_diversity,I like world best,being the best is nice,so it is about being the best at everything then,sounds exhausting,"no one can be the best at everything, can they?",3.333,0.471,-0.054,0.892,-0.105,2.626,0.525,4.245,0.849,-0.449,24.744,0.750
test.context.txt::01769,Yeah him and his wife were both really sweet,1.0,content_diversity,they are nice people,to whom were they sweet to?,they were not sweet to me?,they are funny too,we have a party next week,4.000,0.782,-0.046,0.937,-0.160,2.535,0.507,4.197,0.839,-0.231,16.997,0.607
test.context.txt::01771,I hate when people make titles like this,1.0,content_diversity,why do you hate it,it is their choice,"well, don't buy those then",haha and now you are walking on it,what tiles?,3.889,0.737,-0.014,0.975,-0.055,2.867,0.573,4.926,0.985,-0.174,15.774,0.563
test.context.txt::01778,I tried that too but it still doesn't work,1.0,content_diversity,why does it not work?,it should,that is too bad,tried harder,you can make it work,3.400,0.800,-0.017,0.978,-0.194,2.238,0.448,4.999,1.000,-0.348,13.548,0.713
test.ca-cb.ca::00688,I would say otherwise please do so we can laugh at you,1.0,content_diversity,That's not very kind.,I'll be the one laughing.,Why would you laugh at me?,I will and I'll have the last laugh.,I have no idea what you're talking about.,3.500,0.837,-0.014,0.968,-0.145,2.698,0.540,4.986,0.997,-0.330,27.983,0.636
test.ca-cb.ca::00690,Reported for reporting had to do it at least once,0.0,content_diversity,More details?,Please give us more details.,More details so we understand.,Can you elaborate to us.,I need more details on what you did.,2.000,0.707,-0.031,0.942,-0.313,2.511,0.502,4.841,0.968,-0.673,18.251,0.608
test.ca-cb.ca::00698,What is this business of putting dollar signs after the amount,0.0,content_diversity,its the right way,theres the way,its the correct way to count it,the only way to count it,it is the right way to indentify money and count it,1.950,0.472,-0.159,0.788,-0.255,2.187,0.437,4.994,0.999,-0.550,20.491,0.661
test.ca-cb.ca::00705,Aye well good luck being owned by china,1.0,content_diversity,I'm an American!,Who's owned by China?,That's bad luck.,Are you sure you mean China?,What do you mean by that?,3.278,0.583,-0.020,0.943,-0.133,2.901,0.580,3.900,0.780,-0.230,22.232,0.674
test.ca-cb.ca::00708,It's the only way anyone has ever left reddit,0.0,content_diversity,There are many ways to leave.,I know several ways to leave.,I'm aware of quite a few ways to leave.,There are a bunch of ways to leave.,There's tons of ways to leave.,1.833,0.624,-0.230,0.786,-0.754,2.076,0.415,4.380,0.876,-0.888,19.976,0.454
test.ca-cb.ca::00714,Thats the coolest thing I've read all day,0.0,content_diversity,Really glad you liked,I'm grateful for your support,"Thank you very much, I'm so glad you liked it","Thanks, really appreciate you liking it",Your support is much appreciated,2.444,1.012,-0.042,0.921,-0.162,2.269,0.454,4.803,0.961,-0.821,21.242,0.590
test.ca-cb.ca::00723,Do you guys surf I'm also from texas btw,1.0,content_diversity,I've never been surfing before.,I surf all the time.,Oh my god I love to surf.,Surfing is fun if you don't get bit by a shark.,I try to surf but it doesn't go very well.,3.667,0.577,-0.022,0.968,-0.316,2.858,0.572,4.989,0.998,-0.379,31.662,0.646
test.ca-cb.ca::00740,Does that sound weird to people not from wales,1.0,content_diversity,It certainly sounds weird to me.,It sounds normal to me.,I'm from wales so I can't judge.,It absolutely does!,I think that sounds weird no matter where you're from.,3.389,0.809,-0.045,0.927,-0.206,2.253,0.451,4.988,0.998,-0.312,28.540,0.680
test.ca-cb.ca::00743,Same here but it doesn't matter in texas,1.0,content_diversity,it matters here,"who cares what matters in texas, this happens here",what does texas have to do with it,you are not making sense,I agree with you,3.833,0.577,-0.022,0.959,-0.032,1.987,0.397,4.442,0.888,-0.253,21.938,0.730
test.ca-cb.ca::00743,Same here but it doesn't matter in texas,0.0,content_diversity,but it happens here,it has an effect here,it is relevant here,its impact is here,it has an impact here,1.611,0.458,-0.107,0.860,-0.376,2.207,0.441,4.874,0.975,-0.835,12.083,0.549
test.ca-cb.ca::00746,It almost seems like you want to be canadian,1.0,content_diversity,I am an American,why did you say that?,that makes no sense,I do not want to be a canadian,do not put your words in my mouth,3.833,0.882,-0.011,0.971,-0.104,2.930,0.586,4.963,0.993,-0.220,18.861,0.629
test.ca-cb.ca::00748,I cannot comprehend why this is not a national holiday,1.0,content_diversity,Because the government says so,That is a good question,I haven't really thought about it much,Just take the holiday and stop worrying about it,Does it hurt you in anyway to take the holiday,3.778,0.820,-0.032,0.934,-0.089,3.197,0.639,4.842,0.968,-0.221,25.219,0.664
test.ca-cb.ca::00748,I cannot comprehend why this is not a national holiday,0.0,content_diversity,Don't worry about it and take the holiday,Why don't you just take the holiday and not worry,Don't think about it and take the holiday anyway,You can just not worry and take the holiday,Take it anyway and don't worry,1.650,0.502,-0.207,0.735,-0.513,2.473,0.495,4.470,0.894,-0.775,30.504,0.610
test.ca-cb.ca::00752,Yes go see the documentary man on wire,1.0,content_diversity,I heard that was fantastic.,That documentary was awful.,I'm too busy to watch it.,I hate documentaries.,I'm so looking forward to watching it!,4.056,0.550,-0.016,0.968,-0.362,2.459,0.492,4.993,0.999,-0.240,18.370,0.540
test.ca-cb.ca::00752,Yes go see the documentary man on wire,0.0,content_diversity,Word is that's great.,I was told that was fantastic.,I heard great things about that.,That's supposed to be spectacular.,My friend told me it was really good.,2.167,0.850,-0.017,0.959,-0.353,2.421,0.484,4.366,0.873,-0.621,17.752,0.467
test.ca-cb.ca::00753,Technically anyone can walk on water depending on how deep it is,1.0,content_diversity,"haha, that is not walking on water but in it",no way jose,you are not making much sense,I do not agree with you,that is right,3.722,0.478,-0.024,0.956,-0.024,2.183,0.437,4.354,0.871,-0.258,20.659,0.713
test.ca-cb.ca::00757,And how only one of them is right,1.0,content_diversity,How do you know it's only of them that is right?,Actually two of them were right,It's a lie no one knows how many were right,yup I wonder how only on them were right too,Maybe they were all wrong,3.722,0.711,-0.054,0.925,-0.163,2.837,0.567,4.692,0.938,-0.456,30.389,0.647
test.ca-cb.ca::00763,You can't post text and a link  one or the other,1.0,content_diversity,Why can't you do both?,I prefer links.,I want texts.,Who made you the boss of text and links?,I want both.,3.611,0.737,-0.040,0.954,-0.352,1.932,0.386,4.966,0.993,-0.291,19.234,0.642
test.ca-cb.ca::00769,My mom says I'm not allowed to get wet,0.0,content_diversity,Just ignore her.,She's not to be listened to.,You should disobey her.,Disregard what she says.,You should forget her advice.,2.222,0.853,-0.030,0.943,-0.380,2.273,0.455,4.874,0.975,-0.624,18.024,0.622
test.ca-cb.ca::00771,Wasn't that hip and new 45 years ago by now,1.0,content_diversity,It will forever remain hip and new,Retro is coming back now for everything,It was never hip and new,Yeah I thought it was hip and new many years ago,It's not hip now but probably back then it was,3.444,0.369,-0.078,0.896,-0.237,2.609,0.522,4.994,0.999,-0.347,31.207,0.726
test.ca-cb.ca::00777,Pfft I read it at least 5 times a year,0.0,content_diversity,i cant find the time to do that,wish i could have the time,thats a lot of time to read,how does 1 find the time ?,its about the time,2.556,0.864,-0.095,0.891,-0.160,2.153,0.431,4.821,0.964,-0.343,23.842,0.745
